Text,Label
वह सौंपी गई भूमिका निभाकर ले जाती हैं,0
इसकी गुणवत्ता इतनी घटिया है कि दूसरी बार नहीं खरीदूंगा।,1
रेप और डिप्रेशन से उबरने में योग ने कैसे की एक महिला की मदद,0
तू हर वक्त रंडी क्यों बना रहता है,1
फट्टू जैसा घटिया इंसान मैंने आज तक नहीं देखा।,1
दिल्ली विधानसभा चुनाव आम आदमी पार्टी की जीत और बीजेपी की हार पर पाकिस्तान में क्या प्रतिक्रिया है,0
आज की फ़िल्मों से प्यार क्यों हैं ग़ायब,0
गांडू लोगों को समझाने का कोई फायदा नहीं,1
उसको तो सजा मिले पर कभी बाहर आने की सोचे भी नहीं जेल भेज कर काला मुँह करो साले का,1
भीमा कोरेगांव हिंसा कोरोना पर रिसर्च करने वाले प्रो पार्थो सारथी को  का समन,0
हरामी ने मेरी बात नहीं सुनी।,1
लुख्खा जैसा घटिया इंसान मैंने आज तक नहीं देखा।,1
कोरोना वायरस के कारण इटली और न्यूयॉर्क में रोज़ाना हो रही मौतों के आंकड़ों में कमी आई है,0
साले जेएनयू छाप कमिने लोग हिन्दुओं को यह कहते है की संविधान सबको बराबर अधिकार देता है। सच्चाई यह है कि यह बराबर अधिकार नहीं देता है।,1
मिमी का जैक ऊपर की तरफ दोनों स्पीकर के पीछे है जबकि वाई तरफ कोई की या पोर्ट नहीं है,0
मुज़फ़्फ़रनगर में  दिन बाद रिहा हुए ग़लती से पकड़े गए फ़ारूक़,0
आज सूरजमुखी का फूल देखा बहुत सुंदर था,0
ये गांडू फिर से अपनी बेकार की बातें लेकर आ गया,1
कोरोना लॉकडाउन ज़ूम ऐप इस्तेमाल कर रहे हों तो अलर्ट हो जाइए,0
महीनो बाद जब स्कूल खुले तो बदल गए क्लासरूम और स्कूल के नियम,0
यह खासतौर पर टाइगर क्षेत्र के रूप में जाना जाता है,0
आप एलिफेंट सफारी में हाथियों से साइन लैंग्वेज में बातें करना भी सीख जाएंगे,0
शानदार प्रदर्शन और सरल डिज़ाईन के साथ यह स्मार्टफोन उनके लिए सर्वोत्तम है जो बजट ऍण्ड्रॉइड स्मार्टफोन की तलाश में है,0
उत्तर प्रदेश में  विरोध प्रदर्शनों में अब तक  लोगों की मौत सुनिए उनकी कहानी जिन्होंने अपनों को खोया वीडियो  योगिता लिमये  देबलिन रॉय  शुभम कौल,0
तू कितना बड़ा मादरचोद है ये सब जानते हैं।,1
राम गोपाल वर्मा ने प्राकृतिक रोशनी  में वास्तविक लोकेशन  पर अपने कलाकारों को पहुंचा दिया है और डिजिटल कैमरे से सीमित संसाधनों में यह फिल्म पूरी की है,0
महाराष्ट्रहरियाणा चुनावी नतीजे  शुरुआती रुझानों में बीजेपी को बढ़त,0
मोदीजी देसी ब्रीड वाले कुत्ते पाल रहे हैं आजकल। गजब का भौंकते हैं। दोनों का काम चल रहा है। मोदीजी देसी ब्रीड से खुश देसी ब्रीड मोदीजी से खुश। ये संयोग है या प्रयोग है,1
साले चूतिए शिवराज सिंह बोल रहे तुम्हारा पप्पू गुरु है ना,1
केरल भीषण भूस्खलन में  की मौत  लोग अब भी दबे,0
प्रधानमंत्री नरेंद्र मोदी ने जो किताब रिलीज़ की उससे संघ परिवार को दिक़्क़त  प्रेस रिव्यू,0
थामेल एवं पूर्व रॉयल पैलेस के समीप यह सुंदर और ऐतिहासिक गार्डन  गार्डन ऑफ सिक्स सीजन  के नाम से प्रसिद्ध है जिसे  में स्थापित किया गया है,0
क्या मच्छरों के काटने से फैलता है कोरोना वायरस पढ़िए डब्ल्यूएचओ ने क्या कहा,0
इसपर साले पर लट्ठ बजे तकड़े वाला जेहादी सुअर।,1
इस हरामी की सदस्यता रद्द की जाए कल के कल वरना ऐसे कमीने बहोत है,1
दानिश कनेरिया को लेकर शोएब अख़्तर का बयान और इंज़माम का जवाब पाकिस्तान क्रिकेट में हिन्दूमुसलमान स्टोरी और आवाज़ नवीन नेगी एडिट देबलिन रॉय,0
वर्ल्ड हेल्थ ऑर्गेनाइज़ेशन के आंकड़े बताते हैं कि पाकिस्तान में हर साल ब्रेस्ट कैंसर से  हज़ार महिलाओं की मौत हो जाती है,0
हरामी,1
सर आप नास्तिक ही नहीं बल्कि वो महान साहसी पुरुष हैं जो अपने बाप की कॉलर पकड़ के बोल सकता है के भोसड़ी के तूने मेरी माँ को चो इसलिए मुझे इस कमीनी दुनिया में पैदा होना पड़ा,1
सुअर साले आतंकियों को भीड़ बता रहे,1
ढलती रोशनी में ये सूखा से पेड़ ऐसा लग रहा था मानो काग़ज़ पर बनी कोई सुंदर सी पेंटिंग हो,0
कमीने लोगों पर भरोसा नहीं करना चाहिए।,1
बैग में पैसे छिपाकर दान करने के मामले पर क्या बोले आमिर ख़ानसोशल मीडिया,0
तुझे तो सीधे गांडू बोलना चाहिए।,1
भोसड़ी वाले लोगों से दूर रहो।,1
कितने बहनचोद इंसान हो तुम,1
तू मादरचोद हो क्या तेरी गांडू ताहीर हुसैन का रखैल साला,1
तू हर वक्त बहनचोद क्यों बना रहता है,1
मराठी मानुष के चरित्र को उन्होंने बखूबी निभाया है,0
साले लोगों से बचकर रहो,1
छे साल पहले पूजीपतियों ने एक कुत्ता पाला था। वो भी देशी। और तो और साला वफादार भी निकला। पूँजीवाद,1
रंडी के भाव क्यों दे रहा है,1
तुझे तो सीधे बहनचोद बोलना चाहिए।,1
कुल मिला कर  माइक्रोमैक्स फनबुक बहुत बढ़िया प्रॉडक्ट है  जो आपके पैसे की पूरी कीमत तो लौटाता ही है  अपने यूजर को भी उत्कृष्टता का अहसास कराता है,0
बहनचोद कहीं का।,1
कितने मादरचोद इंसान हो तुम,1
ये कन्हैया कुमार साला कुत्ता का कुत्ता ही रहा चुटिया साला,1
साले चिढ़े हुए हैं कोई दूसरा गड्ढा ना भर दें।,1
छिनाल कुत्ती की तरह भौंक रहा है चुप हो जा,1
हरामी कहीं का,1
सीसा का ज़हर सबसे ज़्यादा घुल रहा है भारतीय बच्चों के ख़ून में,0
रफ़ाल से बोफोर्स तक कबकब लगे रक्षा सौदे में भ्रष्टाचार के आरोप,0
स्क्रीन पर आप एप्पस एवं    ऑइकन ऊपर दाहिनी तरफ पाते हैं,0
कोरोना की बंदी से ज़रूरी सेवाएं भी ठप,0
इतने हरामी मत बनो।,1
वो सच में भोसड़ी वाला निकला।,1
पीएम मोदी ने कहा आपको याद रखना है कि घर से बाहर पड़ने वाला आपका सिर्फ़ एक क़दम कोरोना जैसी गंभीर बीमारी को आपके घर में ला सकता है रिपोर्ट,0
क्या लौड़े का जैसी हरकतें कर रहा है तू,1
ट्रम्प हमारे लोकतंत्र के लिए खतरा हैं इसके अलावा अगर मेरा पक्ष किसी एक मुद्दे पर हार जाता है तो मैं इस कुतिया को बंद करने की योजना बनाता हूं दंगों गृह युद्ध,1
ज़िंदगी हर कदम एक नई जंग है तस्वीर विशाल भटनागर  फ़ोटो वाया गेटी इमेजेस,0
ईरान पूरे क्षेत्र को अस्थिर कर रहा है नैटो,0
यह फिल्म हर हाल में गौतम यानी नायक के फैसलों को उचित ठहराती चलती है,0
संयुक्त राष्ट्र की चेतावनी कोरोना महामारी के कारण आ सकता है अकाल लाइव अपडेट्स  तस्वीर गेटी इमेजेस,0
कोरोना वायरस अमरिंदर सिंह ने कहा क्या करना है ये केंद्र हम पर छोड़ दे,0
सन्  में हुई भोपाल की गैस ट्रैजेडी पर बनी यह फिल्म वीं सदी के जानलेवा हादसे की वजहों और प्रभाव को समेट नहीं पाती,0
स्पेन जहां लेफ़्ट और राइट के साथ आए बिना नहीं बन सकती सरकार,0
चीन को लेकर मोदी सरकार के बयानों में इतना विरोधाभास क्यों है,0
यह साला गुंडा वैसे लग रहा है साला गली का गुंडा है भगाओ साले को भगाओ राज्यसभा से भगाओ साले को गुंडे,1
मोदी सरकार का करोड़ों का पैकेज आर्थिक बदहाली क्यों नहीं रोक पाया,0
फ्रांस के लोग बातबात पर सड़कों पर क्यों उतर आते हैं,0
तू तो एक नंबर का मादरचोद निकला।,1
साला कहें तो भी कम है तेरे लिए।,1
ईको टूरिज्म होने के कारण यह अभयारण्य प्रकृति प्रेमियों के लिए एक आकर्षण है,0
वो बहनचोद है किसी की बहन को बुरा भला कहता है,1
सेना में कमांड पोस्ट पर महिलाएं होंगी या नहीं सुप्रीम कोर्ट का फ़ैसला आज,0
घटिया कहें तो भी कम है तेरे लिए।,1
हरामी लग रहा है आज तू।,1
में  का काम कैसा है फ़िल्म को कितने स्टार मिले वीडियो विदित मेहरादेबलिन रॉय,0
इंच के इस फोन को एल्यूमिनियम यूनिबॉडी कंस्ट्रक्शन से बनाया गया है,0
सारा अली ख़ान ने क्यों कहा मैं बोलना शुरू करूं तो रोज़ धमाके हों,0
जेपी नड्डा के साथ भाजपा में नये दौर का आग़ाज़,0
शाहीन बाग़ जब आधी रात को शाहीन बाग दो हिस्सों में बंट गया,0
कोरोना वायरसः क्या आप दोबारा संक्रमित हो सकते हैं,0
रुक जा कोरोना,0
वह लगातार इम्प्रूव कर रही हैं,0
कश्मीर में आज दिन में क्या हलचल रही बता रहे हैं बीबीसी संवाददाता रियाज़ मसरूर,0
उल्टा चोर कोतवाल को डांटे जैसा घटिया इंसान मैंने आज तक नहीं देखा।,1
क्योंरी गंजेडी कुतिया,1
मध्य प्रदेश बाग़ी विधायकों ने बताया कमलनाथ से क्यों हैं नाराज़,0
साले हरामी लोग जैसे तेरे जैसे होते हैं।,1
हा सेंगर और चिन्मयंनद तो भगवान है साले रेपिस्ट कहीं के उनके टाइम क्यू मुंह में दही जाम जाती है तुम जैसे लोगों की,1
कोरोना बिहार में नीतीश सरकार की वो ग़लतियाँ तो बन गई हैं गले की फाँस,0
कुत्ता जैसा घटिया इंसान मैंने आज तक नहीं देखा।,1
अयोध्या में मुस्लिम पक्षकार ने माना अयोध्या में पैदा हुए थे राम  पाँच बड़ी ख़बरें,0
रिया के आने के बाद ही सुशांत की हालत बिगड़ी थी सुशांत के परिवार के वकील,0
भोसड़ी वाला बनना बंद कर सब समझ आ रहा है।,1
इस टेबलेट में  इंच की एचडी डिस्पले स्क्रीन    पिक्सल रेजोल्युशन के साथ दी गई है,0
इतने घटिया मत बनो।,1
इसकी  एमएएच की बैटरी इसे विशेष बनाती है,0
तू सच में मादरचोद है क्या,1
गांडू बनने का शौक है तुझे,1
कोरोना वायरस बच्चों को हो रही है ये दुर्लभ बीमारी,0
पिता और अपने कर्म पर ट्वीट पर क्यों फंसी सोनम कपूर,0
ये साले अपने बाप मोदी का मूत पीकर पले बड़े होते हैं इसलिए इनको देश की हालातों से क्या मतलब।,1
कोरोना वायरस सऊदी अरब की शान अरामको को एपल ने पछाड़ा,0
इन मठों का रखरखाव अलग  अलग देशों के बौद्धधर्मी करते हैं,0
मुझे तुम्हारा गांडू स्वभाव पसंद नहीं।,1
भोसड़ीवाले आखिर तुने अपनी औकात दिखा ही दिया। तु साले एक नम्बर काकमीना है रे हरामी,1
साला बहन चोद,1
तू कितना बड़ा भोसड़ी वाला है ये सब जानते हैं।,1
साले हरामी कहीं का।,1
छिनाल बनकर क्या मिलेगा,1
लंदन में महाराजा दलीप सिंह के बेटे का घर बिकने को तैयार,0
अच्छा किया साले का सर फोड़ दिया गर्दन तोड़ देते तो और भी अच्छा होता साले को पता चल गया होगा हिंदुस्ता,1
तुझे तो सीधे साला बोलना चाहिए।,1
तेरी शक्ल ही भोसड़ी वाला जैसी है।,1
न्यूज़ीलैंड में क्रिकेट मैच देखना लाजवाब क्यों,0
गांडू कहीं का काम तो कर नहीं सकता,1
ये तो साला शकल से ही हरामी लगता है,1
पीवी सिंधुःवर्ष की सर्वश्रेष्ठ भारतीय महिला खिलाड़ी की नॉमिनी सिंधु बैडमिंटन में ओलंपिक सिल्वर मेडल जीतने वाली पहली भारतीय खिलाड़ी हैं पढ़िए उनके शानदार सफ़र के बारे में,0
नौटंकी जैसा घटिया इंसान मैंने आज तक नहीं देखा।,1
साला जैसा घटिया इंसान मैंने आज तक नहीं देखा।,1
कोरोना वायरस निज़ामुद्दीन मरकज़ के मरीज़ों से कैसे निपटेगी दिल्ली,0
फूल ख़ुशबू और चहचहाती आवाज़ें उम्मीद और दुआ है आपका दिन भी इतना ही सुंदर गुज़रे तस्वीर,0
तेरी शक्ल ही साले हरामी जैसी है।,1
बहुत बड़ा कमीना है तु इतना गली कैसे हज़म कर लेता तु चमड़े कितना मोटा है तेरा कु दिन भर भौकते रहता हैहै तु राहुल गांडू के चमचे होने पर तुझे सरम नही अता कहाँ से मिला तुझे जाहिल वाला सर्टिफिकेट,1
साला का मतलब ही तू है।,1
संजयसिंहगुंडाहै कमीना है सूअर की औलाद हरामी,1
इन सबमें कुछ भी अनर्गल नहीं है साला लेके रहेंगे आज़ादी भी बहुत हरामजादी चीज है एक नई सभ्यता जनम ले रही है पुरानी की थाली में छेद करके,1
इसकी पूरी बॉडी प्लास्टिक की बनी है पर पीछे की मैट जैसी फिनिशिंग अच्छी लगती है,0
गांडू बनकर रह गए हो क्या,1
एक जगह बोर्ड लगा था मात्र रु मे प्रधानमंत्री बनने का तरीका सीखे मैने जब अंदर जाकर देखा तो कमीने लोग चाय बनाना सिखा रहे थे।,1
महंगाई का क़ानून,0
भोसड़ी वाला कहें तो भी कम है तेरे लिए।,1
कोरोना संकट बिहार का प्रवासियों के लिए क्या प्लान है,0
नवजात बच्चा दिल्ली के अस्पताल में भर्ती और मां लेह में फिर भी हर रोज़ कैसे आया दूध वीडियो सौजन्यः मैक्स अस्पताल,0
तू पूरा का पूरा गांडू है।,1
खैरात पर पलने वाले पंचारिया तु कब से खेती करने लगा बे साले दंगाई आग लगाने के सिवा कुछ करते हों मदरसा छाप जाहिल चुप बैठ,1
जो बाइडन ने अमरीकी चुनाव को प्रकाश और अंधकार की जंग बताया,0
वे किरदार के आंतरिक द्वेष और प्रतिशोध को सही अनुपात में आत्मसात नहीं कर सके हैं,0
हर बात में नौटंकी करना बंद कर दे साले।,1
अर्पित का छोटा है। वाया पड़ोस वाली कुतिया,1
ये तो साला सही मे जेब कतरा ही होगा,1
तेरे जैसे साले हरामी से क्या ही उम्मीद करें,1
ऐसे में आपको जो भी नोटीफिकेशन देने होंगे वह सभी नोटिफिकेशंस आपको बोलकर देने होंगे,0
इसके डिस्प्ले के सतह पर कोई बटन नहीं है,0
कभी तो लौड़े का जैसा व्यवहार मत किया कर।,1
अबे सालो अपने कोई दलाल कभी कुछ बड़वा कहते रहोगे तो फिर साला जीत पाओगे तुम लोग जो है हैं अपनी इंसान को कभी गलत गलत कहते रहते हैं शर्म कर लो शर्म थोड़ी सी अपने समाज को इसलिए वक्त देता हूं समझ गए,1
जामिया की छात्राओं का आरोप पुलिस ने निजी अंगों पर हमले किए,0
तुझसे ज़्यादा घटिया इंसान आज तक नहीं देखा।,1
तेरी बहन की जैसा घटिया इंसान मैंने आज तक नहीं देखा।,1
कश्मीर की ये मां अपने बच्चों का इंतज़ार कर रही हैं कब पूरी होगी आस,0
लेकिन इस सच्चार्इ के अतिरिक्त कि ये सब उच्च गुणवत्ता वाले थे  मैंने यह भी महसूस किया कि साधारण सोर्स इसे कम नहीं कर पायेगा  यहां तक कि प्रारंभिक अनजान व्यक्ति की,0
ये साला टिकट ब्लैकिया इतनी हिम्मत लाता कहाँ से है,1
नेशनल कॉफ़्रेंस के नेता पीर आफ़ाक ने एक के बाद एक पीएसए लगाए जाने पर कहा कश्मीर में हमारे बोलने पर पाबंदी बाहर निकलने पर पाबंदी लाखों की तादाद में फौज लाई गई है वीडियो आमिर पीरज़ादा,0
क्या मोदी सरकार के पास महंगाई रोकने का उपाय नहीं है,0
छिनाल,1
वो पूरा हरामी निकला।,1
कश्मीर घाटी में सोमवार दोपहर से काम करेंगे पोस्टपेड मोबाइल,0
मेरे देश के हिन्दु बहुत निराले है। कुछ तो पक्के राम भक्त है और कुछ बाबर के साले है जय श्री राम,1
अखंड चूतिया,1
लौड़े का,1
चीन के लिए क्यों ख़ास बन गया है पाकिस्तान का बलूचिस्तान,0
उसकी छिनाल हरकतों ने सबको शर्मिंदा कर दिया,1
लौड़े के बल पर हीरो बनता है,1
मुझे तो ब्लाक करके भाग गये बहुत सारे शिखंडी सूवरो की औलाद यह भडवा शेख भौक रहा था मै नहीं भागूगा और अगर भागूगा तो खुद को रंडी की औलाद समझूगा और भाग गया अब कोई क्या समझे इसको यह समझना बाकी है,1
मानसी जोशी एक भारतीय पैराबैडमिंटन एथलीट हैं उन्होंने  में एक दुर्घटना के बाद अपना एक पैर खो दिया था पढ़िए उनके बारे में सब कुछ यहां,0
क्या गांडू जैसी हरकतें कर रहा है तू,1
उसकी रंडी वाली हरकतों ने सबको शर्मिंदा कर दिया,1
आपके प्रयास सराहनीय हैं,0
कोरोना वायरसः क्या इससे दुनिया की अर्थव्यवस्था तबाह हो सकती है,0
तू तो एक नंबर का रंडी निकला।,1
भारतीय मूल की कमला हैरिस होंगी जो बाइडन के साथ उपराष्ट्रपति पद की उम्मीदवार,0
अरविंद केजरीवाल सब भारी पड़ते क्यों दिख रहे,0
पाकिस्तान के पूर्व प्रधानमंत्री को हुआ कोरोना क्या है भारत का हाल,0
तुझे तो चुल्लू भर पानी में डूब मरना चाहिए जैसा घटिया इंसान मैंने आज तक नहीं देखा।,1
अफ़ग़ानिस्तान काबुल में हुई गोलीबारी  लोगों की मौत,0
किसानमजदूर कभी गुलामी नही करते कुत्ते गुलामी तो तेरे चमचे करतेजो नही करते उन्हें तू बाहर निकाल देताकमीनेगद्दार गुस्सा बहुत हैतेरी कमीनी हरकतों पर मुझे दल्ले हर हर महादेव,1
साला आईडी ही फर्जी नाम से चल रही है या कोई दल्ला चला रहा है,1
मेरी नही तेरी कमीने,1
साल के भवानी शंकर जब कोरोना से जंग जीतकर घर जाने लगे तो जयपुर के अस्पताल में इस तरह दी गई विदाई वीडियोः मोहर सिंह मीणा बीबीसी हिंदी के लिए,0
कोरोना लॉकडाउन ढील देने पर क्या चेतावनी दे रहे हैं ब्रितानी वैज्ञानिक,0
राहुल गांधी की कितनी छाप है कांग्रेस के नए बदलाव परः नज़रिया,0
कोरोना वायरस का संक्रमण पूर्वोत्तर भारत में न के बराबर क्यों है,0
ऐसे मादरचोद लोग ही माहौल खराब करते हैं।,1
गधी जैसा घटिया इंसान मैंने आज तक नहीं देखा।,1
मादरचोद,1
इससे अच्छा तो रंडी होना भी ठीक है।,1
अरे भाई काहे का बड़ा गुंडा भांड है साला।आप लोग बिलावजह इसे गुंडा न बनाओ हमारे यहाँ ऐसे छततिस है। सारी गुंडाई पिछवाड़े मे डाल देते है।,1
कोरोना को लेकर चीन की सरकारी समाचार एजेंसी ने अमरीका का इस तरह उड़ाया मज़ाक,0
पार्टियों में भरपेट खाना खाने के बाद घर आकर भी भूख क्यों लगती है,0
ये साले संजयसिंह को पकड़ के। इसकी गाँड लाल कर देनी चाहिये साला गुण्डा कहीका हरामी का पिल्ला,1
तू कितना बड़ा छिनाल है ये सब जानते हैं।,1
इसका मतलब अमिताभ की रगों में नेहरू का खून दौड़ रहा है साला परिवार है या छेदन।।,1
हरामी कहें तो भी कम है तेरे लिए।,1
जो कुतिया की चाल चलेगी वो कुतिया की मौत मरेगी,1
याद कर ले कुत्ते की मौत मरा था तू लोग,1
सालो मे तो पप्पू सरकार ने भारत को अमेरिका बना कर दिया था ना देश कि मा चोद कर दी लुटेरो ने और तू साला बकवास करता है इसे अच्छे से पडना झाहिल,1
लेपटॉप और टेबलेट दोनों एकसाथ की लेने की इच्छा रखने वालों के लिए यह सबसे अच्छा मौका है,0
रेलवे की बदहाली के लिए कौन ज़िम्मेदार,0
चीन ने आर्थिक मोर्चे पर भारत और अमरीका को कैसे पीछे छोड़ा,0
कुतिया केवल भौंक सकती है ।,1
पर्यटन को बढ़ावा देने के लिए इस फेस्टिवल को  में शुरू किया गया था जो दुनिया भर से लोगों को आकर्षित करने में सफल रहा,0
कोरोना लॉकडाउन से प्रभावित असंगठित क्षेत्र को सरकार क्या भूल गई है,0
शिवाजी के वंशज उदयनराजे बीजेपी में क्यों जा रहे हैं,0
कोरोना वायरसः लॉकडाउन के दौरान शराब की लत कैसे छोड़ें,0
इस माडल में  गुणा  पिक्सल के रिजोल्यूशन के चलते स्क्रीन पर औसत डिस्प्ले मिलता है,0
तुझ जैसा कमीना व घटिया आदमी नहीं देखा गया आज तकथू है तुझ पर।,1
अपनी दूसरी फिल्म में ही विक्रम सरल और सांद्र निर्देशक होने का संकेत देते हैं। ठोस उम्मीद जगाते हैं,0
अंधभक्त गाय के खून का वैक्सीन लगवा लेंगे लेकिन अपने आका मोदी का विरोध नहीं करेंगे सूअर का गुह है साले गौहत्याबंदकरोसरकार,1
फिल्म में अमिताभ बच्चन के असल जिंदगी से जुड़े अनुभव भी हैं,0
अनम हाशिम को लोगो ने पागल बोला कहा क्या चोरी करना चाहती हो लेकिन उन्होंने अपने हौसले बुलंद रखें और अब लोग उनके बाइक पर स्टंट राइडिंग देखकर रश्क करते हैं वीडियोः सुशीला सिंह और शुभम कौल,0
बहनचोद लग रहा है आज तू।,1
भारत माता को साल पहले एक लाल हुआ। और आज भारत माता को पीलिया हो गया साला सब कुछ बेच भी रहा है और और ऊपर से कर्ज भी ले रहा है लेकिन दे कुछ नही रहा सिवाए आश्वासन के मित्रो,1
कमिनी लोगो को चुतिया मत बनाव पहले देख ले कर्ज मुक्ति का वादा तो तेरे यार पपू ने किया था तो क्या हो गया क्या रंडी।।।,1
कोरोना वैक्सीन लोगों तक पहुँचने में लग सकते हैं ढाई साल,0
हरामी बनने से क्या फायदा,1
फुल एचडी वीडियो प्लेबैक के साथ ये टीवी डिजिटल नॉइस रिडक्शन तकनीक के साथ आता है,0
मोदी सरकार की वफ़ादारी में बीता मीडिया के लिए ये साल नज़रिया,0
क्या झाड़ रहा है जैसा घटिया इंसान मैंने आज तक नहीं देखा।,1
तेरी सोच कितनी बहनचोद है।,1
तेरे जैसे लौड़े का से क्या ही उम्मीद करें,1
यह अन्य फ्लैगशिप जैसे के सोनी क्स्पेरिया जेड  सैमसंग गैलेक्सी एस और एचटीसी वन एम की तुलना में बेहतर प्रदर्शन करता है  और निर्माण और अनुभव के मामले में भी अन्य फोन की तुलना में श्रेष्ठ है,0
पागल कुत्ते की तरह भौंक रहा है।,1
कोरोना वायरस पांच बीमारियां जिनके प्रकोप ने बदल दिया इतिहास,0
कोरोना वायरस अमरीका में एक ही परिवार के चार लोगों की मौत  की  कवरेज,0
अमरीका और चीन के बीच दुश्मनी की पांच वजह कौन सी हैं,0
हरामी का मतलब ही तू है।,1
कुछ वक्त के लिए वक्त और किस्मत क्या खराब हो गए। कभी जिनकी मिसालें दिया करते थे आज वो कुत्ते भी गद्दार हो गए। रणमेंभगवाधारी सरदारकेसाथशायरी,1
रंडी,1
यह डी कैमरा माइक्रोसॉफ्ट के किनेट डी कैमरे से ज्यादा तेज और सस्ता है,0
तेरी शक्ल ही हरामी जैसी है।,1
यहां जाने वाला हर कोई यहां की सुंदर वादियों से यह वादा करके वापस जाता है कि वह दोबारा फिर लद्दाख व लेह आएगा,0
सूजे मेरे बयान में खून हत्या और लोकतंत्र कि हत्या शब्द जरुर लाना जीजा का साला,1
इस मार्ग पर सफर करते हुए शाहबलूत से बुरूंश और लाल  पीले सेबों के ब़ागों से होते हुए किन्नौर कैलाश चोटी के जरिये प्रकृति को अपनी मनमोहक छवि को बदलते देखा जा सकता है,0
लौड़े के बाल,1
बहनचोद लोग जैसे तेरे जैसे होते हैं।,1
ये साले नेता बोलते है कि मैं किसान का बेटा हु मै किसान हु सालो जो किसान किसान रोना रोते हो जो एक रात के लिये खेत मे पानी लगाना पड़े तो गांव फट जायेगी तुम जैसे में घूमने वाले किसान का दर्द नही समझोगे,1
जिंक टैबलेट में यूएसबी होस्ट फीचर है जो यूएसबी फ्लैश स्टोरेज पर डाटा लिख और पढ़ सकता है,0
नहीं भूलेंगे भाई मैं मोदी का कट्टर समर्थक हुआ करता था लेकिन इन दिनों साला इतना दिमाग घूम गया है कि बस मोदी के नाम से ही नफरत होने लग गई मां कसम,1
पहले आर्टिकल  और अब कोरोनाः लगातार ख़तरे में कश्मीर का टूरिज्म सेक्टर,0
नागरिकता क़ानूनः विरोध प्रदर्शन में तीन की मौत हज़ारों हिरासत में,0
कोरोना संकट विमान यात्रा के लिए सेल्फ़ डिक्लेरेशन और आरोग्य ऐप स्टेटस ज़रूरी,0
एक हरि के नाम बिना ये नार कुतिया होए गली गली भोकत फिरे टूक ना डाले कोय,1
पाकिस्तान को पहला गोल्ड दिलाने वाला गुमनाम पहलवान,0
घर से मस्जिद है बहुत दूर चलो यूँ कर लें किसी रोते हुए बच्चे को हँसाया जाए  निदा फ़ाज़ली,0
तेरा बाप गटर के पानी से नहाता होगा सुवर। साला कोई अंध भक्त लगता है। किसानों की इज्जत करना सीख वरना भूखा मरेगा।,1
सेप्सिवैक दवा जिससे कोरोना के इलाज की है उम्मीद,0
साले हरामी ने फिर वही गलती दोहरा दी,1
नज़रिया राष्ट्रीय सुरक्षा सलाहकार अजीत डोभाल समाधान हैं या गहरी समस्या का संकेत,0
फिल्म में पाश्र्र्व संगीत बैकग्राउंड स्कोर का विशेष इस्तेमाल किया गया है,0
तू साला ध्यान का भूखा है बस।,1
चेसिस के नीचे  जिंक जेड  टैबलेट में सिंगल  कोर   विवान्टे जीसी  है,0
तेरी हरकतें पूरी की पूरी घटिया हैं।,1
शाहीन बाग में रेट फिक्स था। फातिमा के पिल्ले काफिरों नें मजे कर लिए मुस्लिम पर्सनल लॉ बोर्ड की मैया खोद दिया काफिरों नें मौलवी साला बकरी ढुढ़नें निकल गया था।,1
सवाल कोई राणा अय्यूब जितना घटिया कैसे हो सकता है सलमान निजामी हो सकता है मै हूं ना,1
पीएम किसान योजना  करोड़ किसानों के लिए  हज़ार करोड़ आज की बड़ी ख़बर,0
भोसड़ी वाले खुद पंचर बनाते हो और दूसरों को बोलते हो साले पंचर की औलाद,1
समस्तीपुर के इस राहत शिविर में अपना घरबार छोड़कर यहाँ पहुँचे लोग मदद के लिए पूरी तरह प्रशासन पर निर्भर हैं सभी तस्वीरें प्रियंका दुबे,0
करोड़ हिन्दुओं के भारत में स्कूल में वेद गीता पढ़ाए जाने पर आपत्ति क्यों ये साला जेहादी पना जब खत्म होगा।,1
तेरे जैसे साला से क्या ही उम्मीद करें,1
निकम्मा जैसा घटिया इंसान मैंने आज तक नहीं देखा।,1
क्या मादरचोद जैसी हरकतें कर रहा है तू,1
विरोध को लेकर अपनी बेटियों के ख़िलाफ़  होने के बाद बीजेपी पर भड़के मुनव्वर राना,0
के पक्ष में शबाना आज़मी ने डाला वीडियो पढ़ी जावेद अख़्तर की शायरी,0
कोरोना वायरस की त्रासदी से बिखरने लगा है पूरा यूरोप,0
पहाड़ों से मुंबई तक कंगना रनौत का सफ़र कामयाबी और विवादों से भरा रहा है स्टोरी इक़बाल परवेज़ फ़िल्म पत्रकार आवाज़ मानसी दाश,0
क्या चीन के दबाव में बदली गई  रिपोर्ट वीडियो सर्वप्रिया सांगवान और देबलिन रॉय,0
दिल्ली हिंसा के पीड़ित दो युवकों की कहानी,0
क्या घटिया जैसी हरकतें कर रहा है तू,1
मोदी ने  मई तक बढ़ाया लॉकडाउन  अप्रैल के बाद मिलेगी शर्तों के साथ छूट,0
साले हरामी बनना बंद कर सब समझ आ रहा है।,1
राहुल सावरकर वाले बयान पर क्या बोली बीजेपीशिव सेना,0
मेरा बाप तुम्हारे बाप की तरहां गांडू नहीं है। साला बुढा हो गया पर आब भी मराने का शोंक नहीं गया।,1
साले सब जाएगें जेल,1
कांग्रेस नेता अधीर रंजन चौधरी ने कहा दफ़्तर में घुसकर की गई मारपीट,0
ग्रेटा थनबर्ग ने किया जेईईनीट परीक्षाएँ टालने का समर्थन,0
एसबीआई ने सस्ता किया लोन ब्याज दरें भी घटाईं पाँच बड़ी ख़बरें,0
भारतचीन सीमा विवाद दोनों ही पक्ष स्थिति को ठीक से संभाल रहे हैं चीनी विदेश मंत्रालय की प्रवक्ता,0
कश्मीरी लड़की दुआ के ज़ेहन में कश्मीरी पंडितों की क्या याद है,0
इस मोबाइल से ली गई फोटो अच्छी है और विडियो की क्वालिटी भी खूब है,0
अरविंद केजरीवाल ने ली शपथ तीसरी बार बने दिल्ली के मुख्यमंत्री,0
राम मंदिर ट्रस्ट की घोषणा के बाद भी संतों में क्यों है नाराज़गी,0
लेकिन इसके लुक का मुख्य मुद्दा इसका सामने का हिस्सा है,0
कोई कुत्ते की तरह भोके गा उसे लात मार के चुप ही कराया जाएगा ना,1
संजय सिंह अर्बन नक्सलवादी के पैदाइश है साला राज्य सभा में येसा किया तो समझो ये गांवों और कस्बों में क्या करेगा ये साला जाहिल गंवार है संजयसिंहगुंडाहै संजयसिंहकोगिरफ्तारकरो,1
सुप्रीम कोर्ट के जज बोले वार्ताकारों की रिपोर्ट सिर्फ़ कोर्ट के लिए,0
कोरोना वायरस निज़ामुद्दीन के धार्मिक आयोजन में शामिल हुए थे असम के  लोग,0
भारत में कोरोना के कुल केस  लाख के पार लाइव अपडेट्स,0
ऑस्ट्रेलिया के जंगलों में भीषण आग तीन की मौत,0
रोहितविराट के धमाल से जीती टीम इंडिया सिरीज़ पर कब्ज़ा,0
सभी हरामियों जो करो कि शक्ल से भी नफरत है बुड्ढा साला चकरी में लगाकर जवान होने की एक्टिंग करता है अपनी उंगलियां गिन इंसान नहीं हो तुम लोग हैं मानो हैवान,1
कोरोना वायरस में आ रहा म्यूटेशन क्या इसे और ख़तरनाक बना रहा है स्टोरी रेशल स्करियर आवाज़ गुरप्रीत सैनी,0
वो भोसड़ी वाला है,1
तेरी शक्ल ही घटिया जैसी है।,1
संजयसिंहगुंडाहै बंदर को बटेर।साले स्पैम मर थे गधों ने सांसद बना दिया,1
संतोष गंगवार बोले  नौकरी की कमी नहीं उत्तर भारत में योग्य लोगों की कमी,0
दिमाग का दही जैसा घटिया इंसान मैंने आज तक नहीं देखा।,1
रंडी की नौकरी से भी गयागुज़रा है तू,1
तू पूरा का पूरा मादरचोद है।,1
कोरोना वायरस के पैदा होने पर ट्रंप सही या उनकी ख़ुफ़िया एजेंसी,0
कभी तो साले हरामी जैसा व्यवहार मत किया कर।,1
सुशांत सिंह राजपूत का आज मुंबई में होगा अंतिम संस्कार,0
नागरिकता संशोधन बिल क्या भारत और बांग्लादेश के बीच फूट की वजह बनेगा नज़रिया,0
बहनचोद ने विश्वास तोड़ दिया।,1
पाताल लोक के हाथीराम चौधरी और गैंग्स ऑफ वासेपुर के शाहिद ख़ान यानी एक्टर  आज शाम  बजे  के इंस्टाग्राम पेज पर होंगे लाइव अगर मन में है कोई सवाल तो पूछिए बीबीसी हिंदी के इंस्टाग्राम पेज का पता,0
कोरोना बुलेटिन  मई सक्रिय संक्रमण के मामले  मृतक संख्या  उपचार से ठीक  कोरोना से जुड़ी ख़बरों का पलपल का अपडेट  कमाल करेंगे ये भारतीय वैज्ञानिक  घरों में मेड हेल्परों को लेकर बहस,0
तू हर वक्त गांडू क्यों बना रहता है,1
हालांकि एंड्रायड किटकैट के मामले में भी कुछ मार्केट में मोटोरोला ने अपने डिवासेज को अपडेट कर गूगल को पीछे छोड़ दिया,0
एनआरसी से हिंदुओं के लिए बंद दरवाज़े खोलेगा नागरिकता संशोधन विधेयक,0
लौड़े का काम कभी पूरा नहीं होता।,1
अन्य आदिवासी लोगों से अलग अपा टनी के लोग जाइरो क्षेत्र के स्थाई निवासी हैं,0
घटिया लोग जैसे तेरे जैसे होते हैं।,1
आने वाले दिनों में कितनी ट्रेनें चलेंगी रेल मंत्रालय ने आज दी सारी जानकारी,0
जब तुम जेसे दल्ले बैठे है तो किसान और युवा उम्मीद भी क्या कर सकता है चोर साला,1
कमाठीपुरा ना ग्राहक ना पैसा और ना ही सरकारी योजनाओं का लाभ,0
ये साले संसद क्या पहुँच जाते हैं सब चीजों को अपने बाप की जागीर समझने लगते हैं और सही में इन्हे कुछ दिनों के लिए निकाल देना चाहिए ऐसी हरकतो पर,1
उसका व्यवहार बहुत घटिया है।,1
तू जैसे साले हरामी समाज के लिए खतरा हैं।,1
भारत पहुंचे अमरीकी राष्ट्रपति डोनल्ड ट्रंप लाइव अपडेट्स यहां पढ़ें,0
कमीने तुझसे बात करना समय की बर्बादी है।,1
ये क्या हो रहा हैं मुंबई में पाकिस्तान जिंदाबाद के नारे लगा रहे है अब ब इनको देशभक्त मनु साले सब आतंकवादी ह कोई ब भई कहने लायक नहीं हैं,1
बही गंध अब तू सड़ांध क्यूँ तू अब नंगा नाच करे औकात थी जिसको दल्ले जितनी देखो साला संजयसिंहगुंडाहै,1
तू मरा नहीं अभी तक सुना था कही कि कुत्तो को कोरोना होने लगा तो सोचा कि चलो एक आतंकी कम हुआ पर साला तू तो जिंदा हैं सही कहा किसी ने कि भगवान को अच्छे लोगों कि जरुरत होती है कमीनो कि नही शायद इसलिए।,1
फेंकू जैसा घटिया इंसान मैंने आज तक नहीं देखा।,1
ये कांग्रेस के मेनिफेस्टो में क्या प्रिंटिंग मिस्टेक थी क्या या बस हर चीज का विरोध करना है साला सबके दिमाग मे पप्पू वायरस घुस गया,1
इस टैबलेट के अगले हिस्स में एक  मेगापिक्सल कैमरा है,0
बहिष्कार की शर्तें लागू आज का कार्टून,0
ये तो साला असली वाला गुंडा है,1
गधा जैसा घटिया इंसान मैंने आज तक नहीं देखा।,1
इससे अच्छा तो छिनाल होना भी ठीक है।,1
चुप बकैती बंद डकैती नेता ना ना चोर है केजुवा का तू हीरो बन गया बहुत बड़ा छीछोर है लतखोर है लतखोर है चोर है साला चोर है संजयसिंहगुंडाहै,1
शरद पवार बोले विधायक हमारे साथ बहुमत साबित नहीं कर पाएंगे फडणवीस,0
तेल ने बिगाड़ा सऊदी का खेल दूसरी तिमाही में  अरब डॉलर का घाटा,0
बकचोदी जैसा घटिया इंसान मैंने आज तक नहीं देखा।,1
ड्रामा क्वीन जैसा घटिया इंसान मैंने आज तक नहीं देखा।,1
कोरोना की वजह से लगे लॉकडाउन ने सभी को हंसाने वाले जोकर को क्यों रुला दिया,0
महाराष्ट्रः क्या बीजेपी का दांव उल्टा भी पड़ सकता है,0
चुप साले देख नही रहा है कि मै रिवर्स गियर लगा रिया हूं,1
फिल्म का म्यूजिक कहानी का सशक्त पक्ष है।,0
इसके अलावा टैबलेट की बैटरी लाइफ औसत ही है,0
कोरोना वायरस सीडीसी डायरेक्टर की चेतावनी कोरोना की दूसरी लहर और मुसीबतें लाएगी,0
तुझे तो सीधे हरामी बोलना चाहिए।,1
पाकिस्तान के एक अस्पताल में वकीलों का तांडव,0
आपकी मेहनत और लगन प्रेरणादायक है,0
रंडी कहें तो भी कम है तेरे लिए।,1
रंडी की औलाद कहीं की।,1
एक घंटे के प्लेबैक के बाद बैट्री   से   तक ही उतरी जो की बहुत ही जबरदस्त प्रदर्शन रहा था,0
गलती इसमें संजय सिंह की नहीं है गलती उसकी है जिसने इस कमीने संजय सिंह को वोट दिया है,1
तेरे जैसे भोसड़ी वाला से क्या ही उम्मीद करें,1
घमंडी जैसा घटिया इंसान मैंने आज तक नहीं देखा।,1
पाकिस्तान के प्रांत बलोचिस्तान की राजधानी क्वेटा में हुए एक आत्मघाती हमले में हमलावर समेत कम से कम आठ लोगों की मौत हो गई है और  से ज़्यादा लोग घायल हुए हैं,0
साला तेरे माँ बाप कैसे होंगे रे हिजड़े,1
तू तो एक नंबर का हरामी निकला।,1
उसकी घटिया हरकतों ने सबको नाराज कर दिया,1
साला कन्फ़्यूज़न ही कन्फ़्यूज़न है सोल्यूशन का पता नहीं महाशय जब आपने रीट की परीक्षा तिथि ही तय नहीं की तो समय पर कैसे आयोजित होगी आपको और को हो क्या गया हैमानसिक रूप से तो सही हो ना,1
डिंपल भी अपनी छोटी भूमिकाओं में प्रभावित करती रही हैं,0
गुजरात दंगे के दोषियों को बेल कैसे मिल जा रही,0
योगी बाबाजी इस कमीने का मांग जल्द पूरा कीजिए। यह एक बड़ा हुआ पान है जो मुंह में चबा रहा है। इस सड़े हुए पान को गंदे नाले में हीं फेंकने में भला है।,1
क्लाइमेक्स में अजय और शुक्ला अनुपम खेर की नोंक  झोंक तनाव ढीला कर राहत देती है,0
तुझे तो सीधे मादरचोद बोलना चाहिए।,1
दिल्ली के सीलमपुर से आज की तस्वीर पूरी स्टोरी  तस्वीर,0
अबे साले पिल्ला किसको कह रहा है अभी तू गधे अबे गधे की औलाद साले सुधर जा साले बिल्ला बिल्ली कहना छोड़ दिए थे साला तुम लोगों की वजह से ही तो जैसे समाज पीछे आ जाए,1
इसके स्पेसिफिकेशन अच्छे हैं और यह एंड्रायड  जेली बीन ऑपरेटिंग सिस्टम पर हुवेई कस्टम स्किन के साथ काम करता है,0
अयोध्या पर फ़ैसला विरोधाभासी कलीसवरम राज प्रेस रिव्यू,0
गांडू,1
डिवाईस सिंथेटिक बेंचमार्क पर संतोषजनक रूप से प्रदर्शन करता है और गेम और अन्य भारी क्रियाकलापों के समय अच्छा प्रदर्शन करता है,0
भोसड़ी वाला काम करके पछताओगे।,1
एक महाराष्ट्र का संजय राऊत और एक दिल्ली का दल्ला संजय सिंग दोनो भी इतने कमीने और फट्टीचर है की इनको भारत मे जोड नही संजयसिंहगुंडाहै,1
तू तो साला ध्यान खींचने के लिए कुछ भी करेगा।,1
झंड जैसा घटिया इंसान मैंने आज तक नहीं देखा।,1
कंगनामहाराष्ट्र सरकार टकराव में अब आगे क्या,0
गददार साले गली का गुडा तेरी जगह बस जेल मै है,1
इन बच्चों ने छोटी उम्र में ही बहुत दुख देखे हैं कुछ तो ज़िंदगी से हार मान चुके हैं,0
सेना में औरतें सुप्रीम कोर्ट के आदेश का मतलब क्या है,0
छिनाल ने सबका मजाक बनाया।,1
निज़ाम के  मिलियन पाउंड पर पाकिस्तान का दावा ख़ारिज,0
ये घटिया सा मजाक बंद करो।,1
बहनचोद जैसा घटिया इंसान मैंने आज तक नहीं देखा।,1
दोस्तों से बिछड़ कर यह हकीकत खुली बेशक कमीने थे पर रौनक उन्ही से थी भरी जेब ने दुनिया की पहेचान करवाई और खाली जेब ने अपनो की,1
पाकिस्तान ने फ़रवरी  तक ज़रूरी क़दम नहीं उठाया तो,0
में   ने   का किला कैसे ढहा दिया,0
कोरोना वायरस से मौत पर श्रीलंका में शव जलाना अनिवार्य मुसलमान ख़फ़ा,0
पड़ोसी आपके बेटे की अचानक शादी कैसे टूट गयी पिता किसी कमीने ने अफवाह फैला दी कि वो कांग्रेसी है,1
बेलारूस में प्रदर्शन क्यों हो रहे हैं,0
कोरोना अपडेट जिस वुहान से कोविड शुरू हुआ था वहां संक्रमण की दूसरी लहर का डर,0
जम्मू में कैसी बदहाली में रह रहे हैं कश्मीरी पंडित बीबीसी से बातचीत में कुछ यूं फूटा दर्द वीडियो सलमान रावी दीपक जसरोटिया,0
ऊटी नवविवाहित जोडे़ को टॉय ट्रेन के जरिए अपनी ओर आकर्षित करता है,0
अबे साले सफाई देने की कोशिश मत कर तुम टुकड़ा गैंग के लोगों की असलियत देश जानता है तू घर में बैठे बैठे सच नही बोलेगा तेरे को रिमांड पर लेकर सच उगलवाना पड़ेगा,1
घटिया ओरत आ गई ओकाद पे हिन्दू मुस्लिम की बात करने की हिम्मत कैसे हुए तेरी कमीनी देश की एकता को तोड़ने की कोशिश कर रही है,1
लौड़े के लोगों से दूर रहो,1
आरे जंगल का मामला कैसे पहुंचा सुप्रीम कोर्ट में,0
भारतचीन सीमा पर सड़क बनाने के लिए झारखंड के मज़दूर रवाना वीडियो रवि प्रकाश,0
इस टेबलेट में सामने की तरफ नीचे दो स्पीकर्स हैं,0
उद्धव ठाकरे क्या  मई के बाद भी महाराष्ट्र के मुख्यमंत्री रहेंगे,0
पढ़िए अयोध्या में शुरू हुआ अब नया विवाद,0
ब्रिटेन में बदली प्रवासी नीति भारतीय छात्रों को मिलेगा फ़ायदा,0
केरल कालीकट एयरपोर्ट पर दुबई से आ रहा विमान दुर्घटनाग्रस्त बचाव कार्य जारी,0
राजपाल यादव का काम भी बेहतरीन है,0
भाउ श्री के ब्लेक टिकिट बेचकर खुद बहुत काला पैसे कमाए होओर काले दिन की बात करते शर्म नही साले सांढ़ तू खुद लुटियन मोड़ में है,1
बहनचोद,1
शेर कौन है साला टिकट ब्लैक में बेच ता था के बोल के ।,1
आशुतोष लिखते है ये जो ट्विटर पर आप लोग मेरी हर बेइज्जती के बाद फर्जी संवेदना दिखाते है वो बंद किजिये इसे ही देख गलतफहमी में मै एक बार चुनाव लड़ बैठा था साला जमानत भी जब्त हो गया था,1
के विरोध में महिलाओं की बुलंद होती आवाज़,0
गांडू बनकर रह गए हो तुम।,1
मध्यप्रदेश के पन्ना में मज़दूरों को मिला हीरा,0
इनकी सबसे खास बात इनका कॉम्पेक्ट साइज में होना है  जिसके चलते ये वजन में हल्के हैं और इन्हें जेब में रखकर कहीं भी ले जाया जा सकता है,0
तू कितना बड़ा साला है ये सब जानते हैं।,1
साला हमेशा झूठ बोलता है।,1
बीबीसी स्पेशल रखमा बाई राउत जिन्होंने बचपन में हुई शादी को मानने की बजाय जेल जाना बेहतर समझा,0
गांडू बनकर रह गए हो क्या तुम,1
वे सीमित दृश्यों में भी अपनी प्रतिभा जाहिर कर देते हैं,0
जगन्नाथ रथयात्रा के एक दिन पहले मिली सुप्रीम कोर्ट से अनुमति लाइव अपडेट्स,0
हर जगह बहनचोद बन के घूमता है।,1
स्ट्रेटजी भी सिंपल होती है,0
साले मुल्ले मरने के बाद बॉडी नहीं जलाते पर पूरा देश जला रहे । जहां के खाते वहां के भी अपने नहीं होते गद्दार।,1
आप अपनी मंजिल पर कभी नही पहुँच पाएंगे अग़र आप रास्ते मे भोकने वाले हर कुत्ते को पत्थर मरेंगे,1
तेरे जैसे घटिया इंसान से बहस नहीं होती।,1
कोरोना वायरस रमज़ान पर इंडोनेशिया में गाइडलाइन तोड़ बड़ी संख्या में मस्जिद पहुंचे नमाज़ी,0
पंडित जसराज जाने माने शास्त्रीय गायक का निधन,0
कोरोना ही नहीं इन चार बीमारियों का भी नहीं है कोई वैक्सीन कौन सी बीमारियां हैं,0
उसकी गांडू वाली आदतों ने सबको शर्मिंदा कर दिया,1
देशभर में हिंसक प्रदर्शनों के बीच इटावा पुलिस का ये वीडियो सोशल मीडिया पर वायरल हो रहा है,0
पश्तो की पहली फ़िल्म कराची या काबुल में नहीं बॉम्बे में बनी थी,0
एकदम सही बात बोले आप ये साले खुद के धर्म को आगे बढ़ाने के लिए न कुछ कर रहे हैं बस खाली दूसरे धर्म की बुराई करते हैं,1
अपनी प्रतियोगीयों के मुकाबले कीमत काफी कम है,0
फ्लैश ने ऐसे मौकों पर ठीकठाक काम किया,0
रंडी लग रहा है आज तू।,1
इस दुकानदार ने मुझे घटिया सामान दे दिया।,1
सूनी मस्जिदें सूने बाज़ार और सूनी सड़कें इस बार कश्मीरियों के लिए कोई ख़ुशी लेकर नहीं आई है रिपोर्ट रियाज़ मसरूर,0
लोडू चोपड़ा तो ऐसे खुश है जैसे सुपर ओवर कमेंट्री का एक्स्ट्रा पैसा मिलेगा भक्क साला दिहाड़ी मजदूर,1
इसराइली प्रधानमंत्री के दफ़्तर के एक कर्मचारी कोरोना संक्रमित पाए गए,0
दिल्ली के दंगों को लेकर पुलिस पर उठ रहे सवाल जॉइंट कमिश्नर ने क्या दिया जवाब वीडियो सलमान रावीरुबाइयत बिस्वास,0
मादरचोद कहें तो भी कम है तेरे लिए।,1
रूस की मुख्य सुरक्षा एजेंसी एफ़एसबी के मुख्यालय पर फ़ायरिंग,0
के ख़िलाफ़ प्रदर्शन में मेरठ में पाँच लोग किसकी गोली से मरे ग्राउंड रिपोर्ट,0
ठरकी साला चल अब फ़िल्म बना इस पर,1
आजकल आसमान साफ़ है अच्छी हवा चल रहा है और वातावरण शांत है मगर वैज्ञानिकों का मानना है कि कोरोना से पर्यावरण को नुक़सान भी पहुंच सकता है,0
कोरोना वायरस की सुनामी से निपटने के लिए भारत की तैयारियां कैसी हैं,0
जिन खिलौनों से आपके बच्चे खेल रहे हैं वो उनके लिए कितने सुरक्षित या ख़तरनाक हैं वीडियो कमलेशमनीष,0
एक चाय एक और समोसा नरेंद्र मोदी तेरा क्या भरोसा यही नारो का शोर है चौकीदार ही चोर है जिसको लगे बुरा है वो साला हरामखोर है,1
इससे अच्छी तो गली कुतिया अच्छी लगती है,1
बासु चटर्जी की मध्यवर्गीय बांकी निगाह,0
घिसू जैसा घटिया इंसान मैंने आज तक नहीं देखा।,1
राहुल गांधी ने किया आगाह मोदी सरकार ने लिया फ़ैसला कोरोना वायरस पर ऐसी ही अहम ख़बरों के लिए क्लिक करें,0
तुम मादरचोद हो।,1
दूल्हादुल्हन हिन्दू और शादी हुई मस्ज़िद में,0
ऐसे बहनचोद लोग ही माहौल खराब करते हैं।,1
पाकिस्तान ज़िंदाबाद के नारे लगाना राजद्रोह है या नहीं,0
छिनाल औरतों से दूर रहो,1
गांडू बनने से क्या फायदा,1
बहनचोद लोगों से दूर ही रहना बेहतर है,1
कुतिया,1
शेख़ हसीना के बांग्लादेश से क्या सीख सकता है भारत,0
तेरी सोच कितनी गांडू है।,1
भारतचीन तनाव अमरीका क्या मुश्किल वक़्त में भारत से मुंह मोड़ लेता है,0
कंगना राणावत तुम मोदी की चमचागीरी के लिए किसानों को भी गालियाँ देने लगी हो साली कुतिया रांङ,1
दिल्ली चुनावः क्या अरविंद केजरीवाल दिल्लीवालों को मुफ़्त पानी देने में कामयाब हो पाए,0
सोनी की एक और अच्छी रचना जो कि मात्र देखने योग्य ही नहीं है,0
साला बनना बंद कर सब समझ आ रहा है।,1
इसके साथ ही डिवाइस के  मेगापिक्सल कैमरे की मदद से तस्वीरें भी ले सकते हैं,0
इस स्मार्टफोन में स्नेपडील  सावन  आस्कमी  पेटीएम और क्विकर जैसे एप प्री  इंस्टॉल्ड है,0
साला इस संजय सिंह को काहे का दर्द हो रहा है किसान तो हमें भाई जब हमें खुशी है तो इन्हें क्यों दुख,1
अनलॉक की गाइडलाइन जारी जिम और योग सेंटर खुल जाएंगे स्कूलकॉलेज अगस्त तक बंद रहेंगे सिनेमाघर बंद रहेंगे मेट्रो बंद रहेगी लाइव अपडेट के लिए क्लिक करें  तस्वीर,0
कोरोना वायरस दिल्ली के सीएम अरविंद केजरीवाल से मिलने के बाद क्या बोले अमित शाह,0
दो सप्ताह के लिए देशभर में लॉकडाउन को बढ़ाया गया  तस्वीर गेटी इमेजेस,0
डिवाइस में सिंपल इंटरफेस और तीन फिजिकल बटन हैं  जो सभी दायें ओर लगे हैं,0
वे कुछ नेक कर गुजरते हैं,0
मलेशिया के पीएम महातिर मोहम्मद बोले कश्मीर जो मैंने कहा उस पर कायम हूँ पाँच बड़ी ख़बरें,0
उस हरामी ने फिर धोखा दे दिया।,1
भोसड़ी वाला बनकर क्या मिलेगा तुझे,1
सुव्वर को सुव्वर बोल रहा हूं मिर्ची तुम्हे क्यों लग रही है जो साला अपने देश अपने धर्म का नहीं हुआ वो तुम्हारा या हमारा कैसे हो सकता है ।,1
कुछ हिस्से अच्छे भी है,0
मादर जात है साला हराम खोर,1
सारे झकास रंग होते हैं और बिंदास प्रसंग रहते हैं,0
वो साला है किसी की इज्ज़त नहीं करता,1
सुशांत सिंह राजपूत साल  में मुंबई स्थित बीबीसी के दफ्तर आए थे तब उन्होंने बीबीसी के साथ अपनी कई बातें साझा की थीं देखिए उसी वक्त का यह खास इंटरव्यू,0
ज्योतिरादित्य सिंधिया बीजेपी में आने से पहले नरेंद्र मोदी के ख़िलाफ़ क्याक्या कह चुके हैं,0
उसकी नौटंकी देखकर लगता है साला ड्रामा क्वीन का ऑस्कर मिल जाएगा,1
सैमसंग ने अपनी इस डिवाइस   का डिजाइन बहुत ही सुविधाजनक तरीके से तैयार किया है,0
तू कितना बड़ा साले हरामी है ये सब जानते हैं।,1
फिल्म पूरी तरह उनके कंधों पर टिकी है,0
गधा ये खुद है साला गंवार अहमद पटेल,1
ये तो साला वास्तव में ठरकी है हरामी गंजेडी,1
पागल कुत्ते की तरह भौंक रहा है,1
एक कहावत है हमारे यहां चोर को कुतिया मिल ही जाती है,1
निर्भया गैंगरेप मामला दोषियों को अलगअलग फांसी होगी या नहीं,0
पूरी दुनिया में एक दिन में सबसे ज़्यादा कोरोना के नए मामले भारत में सामने आए लगातार दूसरे दिन  हज़ार से ज़्यादा केस लाइव अपडेट्स,0
उन्नाव रेप केस में विधायक कुलदीप सेंगर को उम्र क़ैद कोर्ट के फ़ैसले पर क्या बोली पीड़िता की बहन वीडियो भूमिका राय,0
तेरी सोच कितनी रंडी है।,1
